area,city,direction,feedbackScore,house_type,jobTitle,month_rent,name,name_value,rental_type,street
93.00㎡,包河,南,5.0,3室2厅1卫,助理经纪人,1850,和昌中央城邦,吴宇帆,整租·和昌中央城邦 3室2厅 南,骆岗
71.05㎡,蜀山,东南,4.6,2室1厅1卫,高级经纪人,2400,大溪地御倾城,王群,整租·大溪地御倾城 2室1厅 东南,西园
110.00㎡,肥西,西南 西,3.0,4室2厅1卫,高级经纪人,2600,文一名门绿洲,朱富豪,整租·文一名门绿洲 4室2厅 西南/西,繁华新园
44.80㎡,包河,南,4.8,1室1厅1卫,高级经纪人,1200,南翔汽车智慧新城,吴婷婷,整租·南翔汽车智慧新城 1室1厅 南,骆岗
30.00㎡,蜀山,南,,5室1厅2卫,,850,红皖家园,,合租·红皖家园 5居室 跃层 南卧,蜀山经济开发区
18.00㎡,高新,南,,5室0厅1卫,,618,永和家园,,合租·永和家园 5居室 南卧,长宁
19.00㎡,蜀山,南,,5室1厅2卫,,903,华邦光明世家,,合租·华邦光明世家 5居室 南卧,南七
23.00㎡,包河,北,,5室1厅2卫,,660,珠光雅苑,,合租·珠光雅苑 5居室 北卧,包公
61.13㎡,蜀山,南,3.7,1室1厅1卫,高级经纪人,2100,安粮城市广场QQ公寓,沈艳,整租·安粮城市广场QQ公寓 1室1厅 南,稻香村
26.00㎡,蜀山,南,,4室1厅2卫,,998,安粮城市广场,,合租·安粮城市广场 4居室 南卧,稻香村
122.00㎡,长丰,南,4.8,3室2厅2卫,经纪人,800,恒大帝景,韩玉玲,整租·恒大帝景 3室2厅 南,北城
20.00㎡,蜀山,南,,4室1厅1卫,,890,蜀科苑,,合租·蜀科苑 4居室 南卧,井岗镇
88.97㎡,肥东,南,5.0,3室2厅1卫,经纪人,1800,金辉优步大道,张金超,整租·金辉优步大道 3室2厅 南,大兴镇
99.00㎡,新站,南,5.0,3室2厅2卫,助理经纪人,1400,金辉锦绣云庭,王紫妍,整租·金辉锦绣云庭 3室2厅 南,磨店
75.00㎡,肥西,南,5.0,2室1厅1卫,经纪人,1600,紫蓬家园,杨涛,整租·紫蓬家园 2室1厅 南,肥西
126.00㎡,肥西,南,5.0,4室2厅1卫,经纪人,3200,禹洲华侨城三期枫园,吴国玉,整租·禹洲华侨城三期枫园 4室2厅 南,染坊
10.00㎡,包河,南,,4室1厅1卫,,750,宝利丰广场,,合租·宝利丰广场 4居室 南卧,包公
86.70㎡,高新,南,5.0,3室2厅1卫,经纪人,2500,航空新城,钮子浩,整租·航空新城 3室2厅 南,南岗镇
23.00㎡,包河,北,,5室1厅1卫,,590,世纪阳光花园红阳苑,,合租·世纪阳光花园红阳苑 5居室 北卧,包公
89.00㎡,长丰,南,5.0,2室1厅1卫,经纪人,1000,御景嘉苑,王芳,整租·御景嘉苑 2室1厅 南,北城
89.00㎡,经开,南,4.0,2室2厅1卫,高级经纪人,2300,东海星城,靳红云,整租·东海星城 2室2厅 南,莲花
20.00㎡,包河,南,,4室1厅1卫,,820,青年小区,,合租·青年小区 4居室 南卧,包公
22.00㎡,蜀山,4室1厅1卫,,暂无数据,,790,蜀景园,,合租·蜀景园 4居室,蜀山经济开发区
97.94㎡,肥东,南,5.0,3室2厅1卫,高级经纪人,1300,华盛南院,杨学峰,整租·华盛南院 3室2厅 南,肥东
13.00㎡,肥西,南,,4室1厅1卫,,820,巴厘·阳光,,合租·巴厘·阳光 4居室 南卧,桃花工业园
88.00㎡,蜀山,南,5.0,2室1厅1卫,高级经纪人,2500,西城山水居,刘乐,整租·西城山水居 2室1厅 南,蜀山经济开发区
20.00㎡,包河,南,,4室1厅1卫,,700,汇景花园,,合租·汇景花园 4居室 南卧,芜湖路
57.00㎡,蜀山,南,4.5,2室1厅1卫,高级经纪人,1600,省外贸绩溪新村,潘红,整租·省外贸绩溪新村 2室1厅 南,三里庵
12.00㎡,蜀山,南,,4室1厅1卫,,590,淝滨小区,,合租·淝滨小区 4居室 南卧,五里墩
103.00㎡,新站,南 北,5.0,3室2厅2卫,助理经纪人,1400,新力弘阳湖语时光,王紫妍,整租·新力弘阳湖语时光 3室2厅 南/北,磨店
area,city,direction,feedbackScore,house_type,jobTitle,month_rent,name,name_value,rental_type,street
19.00㎡,蜀山,南,,5室1厅2卫,,903,华邦光明世家,,合租·华邦光明世家 5居室 南卧,南七
15.77㎡,蜀山,南,,5室1厅1卫,,713,加侨悦山国际西区,,合租·加侨悦山国际西区 5居室 南卧,蜀山经济开发区
44.80㎡,包河,南,4.8,1室1厅1卫,高级经纪人,1200,南翔汽车智慧新城,吴婷婷,整租·南翔汽车智慧新城 1室1厅 南,骆岗
71.05㎡,蜀山,东南,5.0,2室1厅1卫,高级经纪人,2400,大溪地御倾城,高闯,整租·大溪地御倾城 2室1厅 东南,西园
17.96㎡,蜀山,北,,5室1厅2卫,,713,蜀景园,,合租·蜀景园 5居室 北卧,蜀山经济开发区
110.00㎡,肥西,西南 西,3.0,4室2厅1卫,高级经纪人,2600,文一名门绿洲,朱富豪,整租·文一名门绿洲 4室2厅 西南/西,繁华新园
122.00㎡,长丰,南,4.8,3室2厅2卫,经纪人,800,恒大帝景,韩玉玲,整租·恒大帝景 3室2厅 南,北城
93.00㎡,包河,南,5.0,3室2厅1卫,助理经纪人,1850,和昌中央城邦,吴宇帆,整租·和昌中央城邦 3室2厅 南,骆岗
88.97㎡,肥东,南,5.0,3室2厅1卫,经纪人,1800,金辉优步大道,张金超,整租·金辉优步大道 3室2厅 南,大兴镇
20.00㎡,包河,南,,4室1厅1卫,,700,汇景花园,,合租·汇景花园 4居室 南卧,芜湖路
126.00㎡,肥西,南,4.9,4室2厅1卫,高级经纪人,3200,禹洲华侨城三期枫园,马成金,整租·禹洲华侨城三期枫园 4室2厅 南,染坊
89.00㎡,长丰,南,4.8,2室1厅1卫,高级经纪人,1000,御景嘉苑,余梅龄,整租·御景嘉苑 2室1厅 南,北城
99.00㎡,新站,南,5.0,3室2厅2卫,高级经纪人,1400,金辉锦绣云庭,张丽娜,整租·金辉锦绣云庭 3室2厅 南,磨店
23.00㎡,包河,北,,5室1厅1卫,,590,世纪阳光花园红阳苑,,合租·世纪阳光花园红阳苑 5居室 北卧,包公
86.70㎡,高新,南,5.0,3室2厅1卫,经纪人,2500,航空新城,钮子浩,整租·航空新城 3室2厅 南,南岗镇
12.00㎡,蜀山,南,,4室1厅1卫,,590,淝滨小区,,合租·淝滨小区 4居室 南卧,五里墩
99.50㎡,滨湖新区,南 北,4.6,3室2厅1卫,高级经纪人,3500,银河幸福广场,王然,整租·银河幸福广场 3室2厅 南/北,方兴
23.00㎡,包河,北,,5室1厅2卫,,660,珠光雅苑,,合租·珠光雅苑 5居室 北卧,包公
20.00㎡,蜀山,南,,4室1厅1卫,,890,蜀科苑,,合租·蜀科苑 4居室 南卧,井岗镇
20.00㎡,包河,南,,4室1厅1卫,,820,青年小区,,合租·青年小区 4居室 南卧,包公
79.66㎡,庐阳,南,4.7,2室2厅1卫,经纪人,2600,融侨观邸,甄敬,整租·融侨观邸 2室2厅 南,双岗
89.00㎡,经开,南,4.0,2室2厅1卫,高级经纪人,2300,东海星城,靳红云,整租·东海星城 2室2厅 南,莲花
97.94㎡,肥东,南,5.0,3室2厅1卫,经纪人,1300,华盛南院,王胜,整租·华盛南院 3室2厅 南,肥东
30.00㎡,蜀山,南,,5室1厅2卫,,850,红皖家园,,合租·红皖家园 5居室 跃层 南卧,蜀山经济开发区
88.00㎡,蜀山,南,5.0,2室1厅1卫,高级经纪人,2500,西城山水居,张杭生,整租·西城山水居 2室1厅 南,蜀山经济开发区
57.00㎡,蜀山,南,5.0,2室1厅1卫,助理经纪人,1600,省外贸绩溪新村,方锐,整租·省外贸绩溪新村 2室1厅 南,三里庵
103.00㎡,新站,南 北,5.0,3室2厅2卫,助理经纪人,1400,新力弘阳湖语时光,王紫妍,整租·新力弘阳湖语时光 3室2厅 南/北,磨店
18.00㎡,高新,南,,5室0厅1卫,,618,永和家园,,合租·永和家园 5居室 南卧,长宁
26.00㎡,蜀山,南,,4室1厅2卫,,998,安粮城市广场,,合租·安粮城市广场 4居室 南卧,稻香村
22.00㎡,经开,东,,4室1厅1卫,,741,上海城市,,合租·上海城市 4居室 东卧,莲花
22.00㎡,蜀山,4室1厅1卫,,暂无数据,,790,蜀景园,,合租·蜀景园 4居室,蜀山经济开发区
96.70㎡,肥东,南,5.0,3室2厅1卫,助理经纪人,1600,尚泽樾园西区,俞勇,整租·尚泽樾园西区 3室2厅 南,大兴镇
40.00㎡,,1间在租,,1室1厅1卫,,1500,,,独栋·金地公寓 金地店 0中介费 近朱岗地铁口 百大购物中心  赢海国际  拎包入住 押一付一 可月租623 1室1厅,
85.40㎡,高新,东南,4.9,2室2厅1卫,高级经纪人,3200,绿城桂花园,汪根生,整租·绿城桂花园 2室2厅 东南,天乐
91.45㎡,肥东,西,5.0,3室2厅1卫,助理经纪人,1400,荣盛书香府邸西区·公园里,俞勇,整租·荣盛书香府邸西区·公园里 3室2厅 西,大兴镇
20.00㎡,蜀山,南,,5室1厅1卫,,618,惠民新村,,合租·惠民新村 5居室 南卧,南岗镇
89.00㎡,肥东,南,5.0,3室1厅1卫,经纪人,1250,琥珀名郡香榭里,王胜,整租·琥珀名郡香榭里 3室1厅 南,肥东
13.00㎡,肥西,南,,4室1厅1卫,,820,巴厘·阳光,,合租·巴厘·阳光 4居室 南卧,桃花工业园
13.00㎡,肥西,南,,4室1厅1卫,,850,巴厘·阳光,,合租·巴厘·阳光 4居室 南卧,桃花工业园
58.00㎡,肥西,南,4.7,2室2厅1卫,高级经纪人,1600,金宇天地城,宋洁,整租·金宇天地城 2室2厅 复式 南,新港
88.00㎡,肥东,南,5.0,3室2厅1卫,经纪人,1000,琥珀名郡香颂里,王胜,整租·琥珀名郡香颂里 3室2厅 南,肥东
93.00㎡,肥东,南,5.0,3室1厅1卫,经纪人,1350,龙湖文德春江天越,王胜,整租·龙湖文德春江天越 3室1厅 南,肥东
86.76㎡,瑶海,南,4.8,2室1厅1卫,经纪人,3000,坝上街环球中心,张二磊,整租·坝上街环球中心 2室1厅 南,明光路
20.00㎡,蜀山,南,,3室1厅1卫,,850,国风东风小区,,合租·国风东风小区 3居室 南卧,五里墩
35.00㎡,瑶海,南,1.0,1室1厅1卫,经纪人,1400,南都雲庭,胡培,整租·南都雲庭 1室1厅 南,明光路
154.65㎡,滨湖新区,南,5.0,4室2厅2卫,助理经纪人,7500,信达公园里一期,孙强,整租·信达公园里一期 4室2厅 南,烟墩
135.00㎡,经开,东,5.0,4室2厅2卫,经纪人,3500,安大磬苑,郭梦雷,整租·安大磬苑 4室2厅 东,芙蓉
36.67㎡,蜀山,南,,4室1厅1卫,,950,怡园新村,,合租·怡园新村 4居室 南卧,琥珀
120.00㎡,肥东,南,5.0,4室2厅2卫,经纪人,1600,荣盛书香府邸西区·公园里,张金超,整租·荣盛书香府邸西区·公园里 4室2厅 南,大兴镇
20.00㎡,长丰,南,5.0,1室0厅0卫,经纪人,550,银河苑,叶子圆,合租·银河苑 1居室 南卧,北城
21.00㎡,蜀山,北,,5室1厅1卫,,730,领势公馆,,合租·领势公馆 5居室 北卧,西园
12.00㎡,包河,北,,4室1厅1卫,,650,江南新里程,,合租·江南新里程 4居室 北卧,芜湖路
25.10㎡,蜀山,南,,3室1厅1卫,,850,安徽省电力公司黄山路生活区,,合租·安徽省电力公司黄山路生活区 3居室 南卧,三里庵
97.43㎡,肥西,南,5.0,3室2厅2卫,经纪人,1000,西溪湾,黄世冈,整租·西溪湾 3室2厅 南,肥西
91.00㎡,肥东,南 北,4.8,3室2厅1卫,经纪人,1100,琥珀名郡香颂里,黄安娜,整租·琥珀名郡香颂里 3室2厅 南/北,肥东
98.06㎡,新站,南,5.0,3室2厅1卫,经纪人,800,隆昊昊天园,张先泽,整租·隆昊昊天园 3室2厅 南,七里塘
25.00㎡,包河,北,,3室1厅1卫,,530,包河苑,,合租·包河苑 3居室 北卧,骆岗
114.00㎡,肥西,南,3.0,3室2厅1卫,高级经纪人,1100,祥源花世界汀兰湾,郭延明,整租·祥源花世界汀兰湾 3室2厅 南,肥西
25.00㎡,蜀山,南,,4室1厅1卫,,820,合肥市黄山路389号,,合租·合肥市黄山路389号 4居室 南卧,稻香村
95.00㎡,肥东,南,4.9,3室2厅1卫,经纪人,1000,琥珀名郡香颂里,阚家茹,整租·琥珀名郡香颂里 3室2厅 南,肥东
102.65㎡,肥西,南,4.0,3室2厅1卫,高级经纪人,2900,水安盛世桃源,靳红云,整租·水安盛世桃源 3室2厅 南,桃花工业园
101.19㎡,肥西,南,5.0,3室2厅1卫,经纪人,1400,西溪湾,何雅娴,整租·西溪湾 3室2厅 南,肥西
25.00㎡,蜀山,北,,4室1厅1卫,,770,栗树家苑,,合租·栗树家苑 4居室 北卧,南七
49.82㎡,滨湖新区,南,5.0,2室1厅1卫,经纪人,1650,文一春风里,杨硕,整租·文一春风里 2室1厅 南,烟墩
12.00㎡,包河,南,,5室1厅2卫,,650,万振逍遥苑一期,,合租·万振逍遥苑一期 5居室 南卧,周谷堆
130.00㎡,长丰,南 北,4.7,4室2厅1卫,经纪人,2800,万科苏高新中央公园轩庭,刘银利,整租·万科苏高新中央公园轩庭 4室2厅 南/北,北城
68.00㎡,蜀山,西北,4.7,2室1厅1卫,经纪人,2100,中国铁建青秀城,曾迪,整租·中国铁建青秀城 2室1厅 西北,五里墩
113.00㎡,长丰,东,4.8,3室2厅1卫,经纪人,1100,悦湖国际,崔杰,整租·悦湖国际 3室2厅 东,长丰
20.00㎡,包河,北,,4室1厅1卫,,750,珠光花园,,合租·珠光花园 4居室 北卧,周谷堆
20.00㎡,庐阳,南,,4室1厅3卫,,600,风荷苑,,合租·风荷苑 4居室 南卧,杏林
15.00㎡,政务,北,,5室1厅5卫,,1180,国际花都玫瑰苑,,合租·国际花都玫瑰苑 5居室 北卧,荷叶地
106.00㎡,肥东,南,1.0,3室2厅2卫,经纪人,1300,尚泽樾园东区,胡培,整租·尚泽樾园东区 3室2厅 南,大兴镇
141.00㎡,肥西,南,5.0,4室2厅2卫,经纪人,1300,泰来傲城,王广伦,整租·泰来傲城 4室2厅 南,肥西
10.00㎡,蜀山,北,,5室1厅2卫,,650,龙凤嘉园一期,,合租·龙凤嘉园一期 5居室 北卧,井岗镇
100.00㎡,经开,南,5.0,2室1厅1卫,经纪人,1300,卧云新村,邓业慧,整租·卧云新村 2室1厅 南,临湖
55.54㎡,庐阳,南,4.6,2室1厅1卫,高级经纪人,1950,吴山巷,夏常坚,整租·吴山巷 2室1厅 南,逍遥津
80.00㎡,蜀山,南,4.0,3室1厅1卫,经纪人,2100,交行恢复楼,周帅,整租·交行恢复楼 3室1厅 南,五里墩
82.65㎡,新站,南,5.0,2室1厅1卫,经纪人,1200,青年创业大厦,谢梦云,整租·青年创业大厦 2室1厅 南,七里塘
112.00㎡,肥西,南,5.0,3室2厅1卫,经纪人,900,华地翡翠公园,何雅娴,整租·华地翡翠公园 3室2厅 南,肥西
96.84㎡,长丰,南 北,4.8,3室2厅1卫,高级经纪人,900,冠徽苑,余梅龄,整租·冠徽苑 3室2厅 南/北,北城
93.09㎡,肥西,南 北,5.0,3室2厅1卫,助理经纪人,800,华地翡翠公园,宋功名,整租·华地翡翠公园 3室2厅 南/北,肥西
87.00㎡,长丰,南,5.0,2室1厅1卫,经纪人,1300,中南宸悦,邵尹,整租·中南宸悦 2室1厅 南,北城
50.00㎡,蜀山,南,4.8,1室1厅1卫,高级经纪人,2000,立基公馆,吴娟,整租·立基公馆 1室1厅 南,稻香村
119.00㎡,瑶海,南,4.7,3室2厅1卫,租赁店经理,2700,吟春园,阮红燕,整租·吟春园 3室2厅 南,三里街
103.00㎡,肥东,南,5.0,3室1厅1卫,经纪人,1000,琥珀名郡香颂里,王胜,整租·琥珀名郡香颂里 3室1厅 南,肥东
126.71㎡,经开,南,5.0,4室1厅2卫,经纪人,1050,一里洋房,郭梦雷,整租·一里洋房 4室1厅 南,芙蓉
85.00㎡,长丰,南,5.0,2室2厅1卫,经纪人,900,恒大帝景,王芳,整租·恒大帝景 2室2厅 南,北城
97.00㎡,肥西,南,5.0,3室2厅1卫,经纪人,800,华地紫金府,陈玉清,整租·华地紫金府 3室2厅 南,肥西
90.00㎡,庐阳,南,4.9,3室2厅1卫,经纪人,1200,美丽景湾,王君,整租·美丽景湾 3室2厅 南,林店
149.00㎡,肥西,西南,5.0,3室1厅1卫,经纪人,1400,南郢社区,朱贺,整租·南郢社区 3室1厅 西南,新港
100.00㎡,长丰,东,4.9,3室1厅2卫,经纪人,600,水岸人家三期,王敏,整租·水岸人家三期 3室1厅 东,北城
60.00㎡,肥西,南 北,5.0,2室1厅1卫,经纪人,700,群英阁,张桂平,整租·群英阁 2室1厅 南/北,肥西
120.00㎡,长丰,南,4.9,4室1厅2卫,经纪人,1500,恒泰阿奎利亚悦璟府,张雪梅,整租·恒泰阿奎利亚悦璟府 4室1厅 南,北城
24.00㎡,肥西,南,4.9,1室0厅0卫,高级经纪人,600,新型家园一期,李会,合租·新型家园一期 1居室 南卧,肥西
60.00㎡,肥西,东南,5.0,1室1厅1卫,高级经纪人,1200,观澜学府,储娟,整租·观澜学府 1室1厅 东南,新港
102.00㎡,肥西,南,5.0,2室2厅1卫,经纪人,900,文一名门森林语,孙晓燕,整租·文一名门森林语 2室2厅 南,肥西
120.00㎡,空港经济示范区,南,4.9,3室2厅1卫,高级经纪人,2400,绿洲西苑,杜克玲,整租·绿洲西苑 3室2厅 南,长宁
52.00㎡,高新,北,5.0,1室1厅1卫,高级经纪人,1200,信铃国际天启,张秀兰,整租·信铃国际天启 1室1厅 北,天乐
107.00㎡,长丰,南,4.8,2室1厅1卫,高级经纪人,750,高迪岛,余梅龄,整租·高迪岛 2室1厅 南,北城
15.00㎡,肥西,北,4.7,2室2厅0卫,高级经纪人,500,香樟花园,冯晨伟,合租·香樟花园 2居室 北卧,染坊
78.00㎡,肥西,南,5.0,2室2厅1卫,助理经纪人,1500,旺郢家园,丁玉凤,整租·旺郢家园 2室2厅 南,肥西
90.45㎡,高新,南,5.0,3室2厅1卫,经纪人,1700,城西桥家园B组团,杨欣旺,整租·城西桥家园B组团 3室2厅 南,长宁
96.00㎡,肥西,南,4.7,2室2厅1卫,高级经纪人,650,翡翠运河家园,施晓宁,整租·翡翠运河家园 2室2厅 南,肥西
20.00㎡,蜀山,南,,4室1厅1卫,,790,大富山庄,,合租·大富山庄 4居室 南卧,蜀山经济开发区
42.70㎡,瑶海,西南,5.0,1室1厅1卫,经纪人,1350,铭座大厦,桑孟楠,整租·铭座大厦 1室1厅 西南,三里街
45.00㎡,蜀山,南,5.0,1室1厅1卫,高级经纪人,1800,中国铁建青秀城,陈家庆,整租·中国铁建青秀城 1室1厅 南,五里墩
129.00㎡,长丰,南,4.4,3室2厅2卫,经纪人,1600,国徽苑,何倩,整租·国徽苑 3室2厅 南,北城
92.63㎡,包河,南,5.0,2室2厅1卫,高级经纪人,2500,力高柏林春天,彭洲,整租·力高柏林春天 2室2厅 南,包公
75.00㎡,肥东,南,5.0,2室1厅1卫,高级经纪人,800,人和家园,杨学峰,整租·人和家园 2室1厅 南,肥东
18.00㎡,庐阳,北,,4室1厅1卫,,500,水晶苑(庐阳区),,合租·水晶苑(庐阳区) 4居室 北卧,亳州
10.00㎡,包河,南,,3室1厅1卫,,770,水丽坊自在城,,合租·水丽坊自在城 3居室 南卧,骆岗
101.20㎡,滨湖新区,南,3.7,3室2厅2卫,经纪人,2600,碧桂园中堂,侯景景,整租·碧桂园中堂 3室2厅 南,方兴
90.00㎡,高新,南 北,5.0,3室2厅1卫,经纪人,2700,城西桥家园B组团,张望,整租·城西桥家园B组团 3室2厅 南/北,长宁
100.00㎡,政务,南,4.9,3室1厅1卫,高级经纪人,3000,琥珀五环城和雅阁,张莹,整租·琥珀五环城和雅阁 3室1厅 南,荷叶地
119.00㎡,肥西,南,4.7,4室2厅2卫,经纪人,1500,皖投国滨世家璟园,周增群,整租·皖投国滨世家璟园 4室2厅 南,肥西
15.00㎡,高新,南,,5室2厅2卫,,950,梦园小区,,合租·梦园小区 5居室 南卧,天乐
25.00㎡,蜀山,北,,4室1厅1卫,,690,西园新村,,合租·西园新村 4居室 北卧,三里庵
93.00㎡,长丰,南,5.0,3室2厅1卫,经纪人,1000,冠徽苑,叶子圆,整租·冠徽苑 3室2厅 南,北城
80.00㎡,肥东,西南,3.5,2室1厅1卫,经纪人,1100,汇景新城,姚冰艳,整租·汇景新城 2室1厅 西南,肥东
32.00㎡,肥东,西,5.0,1室1厅1卫,经纪人,1200,龙湖龙誉中心,张金超,整租·龙湖龙誉中心 1室1厅 西,肥东
45.06㎡,高新,南,3.0,1室1厅0卫,经纪人,2300,拓基城市广场,丁绪磊,整租·拓基城市广场 1室1厅 南,天乐
25.00㎡,蜀山,南,,5室1厅1卫,,830,红鑫新村,,合租·红鑫新村 5居室 南卧,南七
45.00㎡,蜀山,北,,3室2厅2卫,,1360,绿城百合公寓,,合租·绿城百合公寓 3居室 北卧,南七
10.00㎡,包河,南,,4室1厅1卫,,650,青年西区,,合租·青年西区 4居室 南卧,包公
26.00㎡,包河,南,,4室1厅1卫,,931,太湖新村,,合租·太湖新村 4居室 南卧,常青
110.00㎡,肥西,南,4.9,3室1厅1卫,高级经纪人,1500,高速时代御府（妙园）,李会,整租·高速时代御府（妙园） 3室1厅 南,肥西
25.00㎡,蜀山,南,,3室1厅1卫,,920,国风东风小区,,合租·国风东风小区 3居室 南卧,五里墩
146.20㎡,滨湖新区,南,5.0,3室2厅1卫,高级经纪人,4800,徽盐世纪广场,徐井兰,整租·徽盐世纪广场 3室2厅 南,方兴
47.00㎡,长丰,南,5.0,1室1厅1卫,助理经纪人,900,恒大帝景,尹文锐,整租·恒大帝景 1室1厅 南,北城
110.00㎡,肥西,南,5.0,3室2厅1卫,助理经纪人,2500,融创玖樟台,杨航,整租·融创玖樟台 3室2厅 南,染坊
85.00㎡,蜀山,南,4.5,3室1厅1卫,店经理,2000,建派小区,李云,整租·建派小区 3室1厅 南,稻香村
100.00㎡,长丰,南,5.0,2室2厅1卫,助理经纪人,1350,天宝苑,尹文锐,整租·天宝苑 2室2厅 南,北城
95.00㎡,瑶海,南 北,3.4,2室2厅1卫,经纪人,2000,南都雲庭,胡瑶,整租·南都雲庭 2室2厅 南/北,明光路
18.00㎡,蜀山,南,,4室1厅2卫,,750,香樟雅苑,,合租·香樟雅苑 4居室 南卧,南七
20.00㎡,蜀山,南,,4室0厅2卫,,980,华府骏苑二期,,合租·华府骏苑二期 4居室 南卧,南七
81.00㎡,肥东,南,4.0,2室2厅1卫,助理经纪人,1100,店忠家园,孙淼,整租·店忠家园 2室2厅 南,肥东
35.90㎡,瑶海,北,5.0,1室1厅1卫,经纪人,1200,淮北新村,谈安宁,整租·淮北新村 1室1厅 北,明光路
274.00㎡,经开,南,5.0,5室0厅0卫,经纪人,12000,尚泽大都会,李俊,整租·尚泽大都会 5室0厅 南,莲花
100.00㎡,肥西,南,4.9,3室1厅1卫,高级经纪人,1099,皖投国滨世家珑园,吴清习,整租·皖投国滨世家珑园 3室1厅 南,肥西
30.00㎡,瑶海,南 北,4.5,3室1厅1卫,经纪人,850,万达华府,王莉,整租·万达华府 3室1厅 南/北,龙岗
80.00㎡,肥东,南,5.0,2室2厅1卫,经纪人,1400,圣联东方早城,王胜,整租·圣联东方早城 2室2厅 南,肥东
122.20㎡,瑶海,南,5.0,3室2厅2卫,经纪人,1500,油坊新城,杨嫚嫚,整租·油坊新城 3室2厅 南,龙岗
20.00㎡,政务,南,,4室1厅1卫,,880,国际花都天香苑,,合租·国际花都天香苑 4居室 南卧,荷叶地
28.00㎡,蜀山,北,,4室1厅1卫,,750,城市经典,,合租·城市经典 4居室 北卧,井岗镇
22.00㎡,蜀山,西,,5室1厅2卫,,700,黄山花园,,合租·黄山花园 5居室 西卧,南七
46.50㎡,瑶海,东,3.4,1室1厅1卫,经纪人,1400,中翔新东城,胡瑶,整租·中翔新东城 1室1厅 东,铜陵路
23.00㎡,肥西,北,,5室1厅5卫,,780,禹洲华侨城一期,,合租·禹洲华侨城一期 5居室 北卧,染坊
20.00㎡,包河,南,,5室1厅1卫,,799,地矿家园,,合租·地矿家园 5居室 南卧,周谷堆
93.00㎡,瑶海,南,5.0,2室2厅1卫,助理经纪人,1400,宝元雅苑,韩良宇,整租·宝元雅苑 2室2厅 南,铜陵路
101.00㎡,瑶海,南,4.8,3室1厅1卫,租赁店经理,1500,橘郡万绿园,程大宝,整租·橘郡万绿园 3室1厅 南,铜陵路
102.28㎡,瑶海,南 北,4.9,2室1厅1卫,助理经纪人,1500,香江世纪名城,谭业佳,整租·香江世纪名城 2室1厅 南/北,铜陵路
129.38㎡,瑶海,南 北,5.0,3室1厅2卫,助理经纪人,2500,香格里拉花园,韩良宇,整租·香格里拉花园 3室1厅 南/北,方庙
129.65㎡,瑶海,南,4.8,4室2厅2卫,租赁店经理,1600,风景苑,程大宝,整租·风景苑 4室2厅 复式 南,方庙
89.84㎡,瑶海,南,5.0,2室2厅1卫,助理经纪人,1800,香格里拉花园,韩良宇,整租·香格里拉花园 2室2厅 南,方庙
127.50㎡,瑶海,南,4.5,3室2厅2卫,经纪人,2600,香格里拉花园,王田,整租·香格里拉花园 3室2厅 南,方庙
124.43㎡,瑶海,南,5.0,4室2厅1卫,助理经纪人,1500,风景苑,韩良宇,整租·风景苑 4室2厅 复式 南,方庙
135.00㎡,瑶海,南,4.6,3室2厅2卫,经纪人,2100,森海豪庭,许标,整租·森海豪庭 3室2厅 南,方庙
20.00㎡,政务,北,,4室1厅2卫,,680,国际花都郁金苑,,合租·国际花都郁金苑 4居室 北卧,荷叶地
26.00㎡,政务,南,,4室2厅2卫,,730,国贸天琴湾,,合租·国贸天琴湾 4居室 南卧,笔架山
20.00㎡,政务,南,,4室1厅1卫,,1050,旭辉花园,,合租·旭辉花园 4居室 南卧,荷叶地
81.06㎡,瑶海,南,4.8,2室2厅1卫,店经理,1300,汪塘北区,王明豪,整租·汪塘北区 2室2厅 南,方庙
117.55㎡,瑶海,南,5.0,3室2厅1卫,助理经纪人,2500,香格里拉花园,韩良宇,整租·香格里拉花园 3室2厅 南,方庙
28.00㎡,高新,南,,4室2厅2卫,,980,和一花园,,合租·和一花园 4居室 南卧,兴园
125.11㎡,瑶海,南,5.0,3室2厅2卫,助理经纪人,1500,风景苑,韩良宇,整租·风景苑 3室2厅 南,方庙
76.50㎡,瑶海,南,5.0,2室2厅1卫,经纪人,2000,临淮苑,李梦茹,整租·临淮苑 2室2厅 南,三里街
100.00㎡,瑶海,南,4.9,3室1厅1卫,助理经纪人,2200,临淮苑,谭业佳,整租·临淮苑 3室1厅 南,三里街
31.00㎡,瑶海,南,5.0,1室1厅1卫,经纪人,1100,凤阳三村,李梦茹,整租·凤阳三村 1室1厅 南,三里街
80.00㎡,瑶海,南,5.0,3室1厅1卫,经纪人,880,长淮新村B区,沈栋,整租·长淮新村B区 3室1厅 南,三里街
107.00㎡,瑶海,南,5.0,2室2厅1卫,助理经纪人,1800,北华园小区,崔恒,整租·北华园小区 2室2厅 南,胜利路
,滨湖新区,25.00㎡,,南,,880,宝能城三期,,合租·宝能城三期 4居室 南卧,环湖CBD
109.00㎡,瑶海,南,5.0,3室2厅1卫,经纪人,1500,百汇城市广场,桑孟楠,整租·百汇城市广场 3室2厅 南,三里街
59.93㎡,瑶海,南,5.0,1室1厅1卫,助理经纪人,1750,恒大中央广场B区43弄,崔恒,整租·恒大中央广场B区43弄 1室1厅 南,胜利路
,肥西,18.00㎡,,北,,550,水安盛世桃源,,合租·水安盛世桃源 4居室 北卧,桃花工业园
100.00㎡,新站,南,5.0,3室2厅2卫,经纪人,2100,隆昊昊天园,程群群,整租·隆昊昊天园 3室2厅 南,七里塘
,肥西,30.00㎡,,南,,1000,巴厘·阳光,,合租·巴厘·阳光 4居室 南卧,桃花工业园
109.00㎡,新站,南,5.0,3室1厅1卫,经纪人,1500,碧桂园正荣悦玺,杨云,整租·碧桂园正荣悦玺 3室1厅 南,东站
50.00㎡,政务,南,5.0,1室1厅1卫,经纪人,3000,天鹅湖凤曦府,邓玉环,整租·天鹅湖凤曦府 1室1厅 南,荷叶地
89.00㎡,肥西,南,5.0,2室2厅1卫,经纪人,600,华地伟星龙川时代,何雅娴,整租·华地伟星龙川时代 2室2厅 南,肥西
56.03㎡,滨湖新区,南,5.0,1室0厅0卫,经纪人,2000,佳源中心,杨勇,整租·佳源中心 1室0厅 南,方兴
,包河,20.00㎡,,北,,750,滨湖龙川里,,合租·滨湖龙川里 5居室 北卧,常青
123.98㎡,蜀山,南,5.0,3室2厅2卫,经纪人,2200,龙居山庄,张腾川,整租·龙居山庄 3室2厅 南,五里墩
89.51㎡,肥东,南 北,5.0,3室2厅1卫,助理经纪人,1450,盛嘉欧园,陈洋洋,整租·盛嘉欧园 3室2厅 南/北,肥东
80.00㎡,包河,南,4.6,3室1厅1卫,经纪人,2800,高埂代恢复楼,杨靖,整租·高埂代恢复楼 3室1厅 南,包公
32.11㎡,长丰,北,5.0,1室0厅1卫,助理经纪人,950,恒大帝景领寓,尹文锐,整租·恒大帝景领寓 1室0厅 北,北城
76.56㎡,高新,南,5.0,2室1厅1卫,经纪人,2200,徽商优山美地,陈德梅,整租·徽商优山美地 2室1厅 南,天乐
56.00㎡,蜀山,南,5.0,2室1厅1卫,高级经纪人,1500,石油勘探院宿舍,王晓玲,整租·石油勘探院宿舍 2室1厅 南,三里庵
90.00㎡,肥东,南,5.0,3室2厅1卫,经纪人,800,信园蓝庭,骆灵芝,整租·信园蓝庭 3室2厅 南,肥东
,政务,28.00㎡,,南,,950,浅水湾,,合租·浅水湾 4居室 南卧,荷叶地
97.00㎡,肥东,南,5.0,3室1厅1卫,高级经纪人,1200,桥枫苑,李海燕,整租·桥枫苑 3室1厅 南,肥东
99.00㎡,肥东,南,5.0,3室2厅2卫,助理经纪人,700,金辉优步大道,俞勇,整租·金辉优步大道 3室2厅 南,大兴镇
80.00㎡,蜀山,南,5.0,2室1厅1卫,高级经纪人,2300,安居苑东村,张强,整租·安居苑东村 2室1厅 南,西园
39.70㎡,蜀山,南,5.0,1室1厅1卫,经纪人,1500,通和易居同辉北苑,吴昊,整租·通和易居同辉北苑 1室1厅 南,西园
28.00㎡,蜀山,南,,4室2厅2卫,,1130,信旺华府骏苑,,合租·信旺华府骏苑 4居室 南卧,南七
25.00㎡,蜀山,南,,4室1厅1卫,,890,九华华林家园,,合租·九华华林家园 4居室 南卧,南七
259.24㎡,庐阳,南,4.9,1室0厅0卫,经纪人,15000,徽盐安徽中心,潘伟,整租·徽盐安徽中心 1室0厅 南,逍遥津
28.00㎡,蜀山,南,,4室1厅1卫,,950,九华华林家园,,合租·九华华林家园 4居室 南卧,南七
125.90㎡,庐阳,南,4.9,1室0厅0卫,经纪人,7500,徽盐安徽中心,潘伟,整租·徽盐安徽中心 1室0厅 南,逍遥津
131.88㎡,政务,南 北,5.0,4室2厅2卫,助理经纪人,4000,保利香槟国际,魏雨,整租·保利香槟国际 4室2厅 南/北,兴园
21.00㎡,经开,南,,5室1厅2卫,,830,德信文锦新城,,合租·德信文锦新城 5居室 南卧,芙蓉
107.00㎡,肥西,南,5.0,3室2厅1卫,经纪人,1400,旭辉滨湖江来一期,江珊珊,整租·旭辉滨湖江来一期 3室2厅 南,肥西
57.84㎡,政务,南,4.0,1室1厅1卫,高级经纪人,2100,天珑广场,靳红云,整租·天珑广场 1室1厅 南,荷叶地
217.57㎡,政务,东 南,5.0,3室0厅0卫,助理经纪人,13000,蔚蓝商务港,王奇,整租·蔚蓝商务港 3室0厅 东/南,荷叶地
117.00㎡,肥西,南,4.7,3室2厅1卫,助理经纪人,2800,太平洋森公馆,汪风芹,整租·太平洋森公馆 3室2厅 南,染坊
22.00㎡,包河,南,,4室1厅1卫,,750,珠光南苑,,合租·珠光南苑 4居室 南卧,周谷堆
53.00㎡,蜀山,南,5.0,1室1厅1卫,高级经纪人,1800,立雪轩,程俊毅,整租·立雪轩 1室1厅 南,三里庵
47.33㎡,瑶海,东,4.8,1室1厅1卫,店经理,1800,蓝光时代红街,王明豪,整租·蓝光时代红街 1室1厅 东,嘉山路
100.00㎡,政务,南,5.0,3室2厅1卫,高级经纪人,3200,融侨天骏,吴梦营,整租·融侨天骏 3室2厅 南,笔架山
11.00㎡,瑶海,南,,5室1厅1卫,,590,港汇逸景坊,,合租·港汇逸景坊 5居室 南卧,三里街
58.64㎡,政务,南,4.9,1室2厅0卫,经纪人,2300,太阳海岸花园,朱梦思,整租·太阳海岸花园 1室2厅 南,笔架山
40.00㎡,肥西,南,,4室1厅3卫,,1280,禹洲华侨城一期,,合租·禹洲华侨城一期 4居室 南卧,染坊
18.00㎡,蜀山,北,,5室1厅2卫,,741,安高城市天地,,合租·安高城市天地 5居室 北卧,稻香村
102.00㎡,肥东,南,5.0,3室1厅1卫,经纪人,1150,远洋庐玥风景,闫娟利,整租·远洋庐玥风景 3室1厅 南,肥东
94.00㎡,肥西,南,5.0,3室2厅1卫,经纪人,1300,华地翡翠公园,彭巍,整租·华地翡翠公园 3室2厅 南,肥西
121.00㎡,肥西,南,3.0,3室2厅2卫,经纪人,2000,伟星印湖湾,王宇杰,整租·伟星印湖湾 3室2厅 南,柏堰
26.48㎡,高新,北,4.9,1室1厅1卫,经纪人,1250,国轩K西嘉,孙秀君,整租·国轩K西嘉 1室1厅 北,天乐
20.00㎡,蜀山,北,,4室1厅1卫,,713,领势公馆,,合租·领势公馆 4居室 北卧,西园
81.69㎡,庐阳,南,5.0,2室2厅1卫,经纪人,2000,荣城花园北苑,刘丰,整租·荣城花园北苑 2室2厅 南,林店
49.00㎡,瑶海,南,5.0,1室1厅1卫,经纪人,1650,信地藏龙阁,李梦茹,整租·信地藏龙阁 1室1厅 南,三里街
20.00㎡,肥西,南,,1室1厅1卫,,950,荣盛山湖樾,,整租·荣盛山湖樾 1室1厅 南,柏堰
89.00㎡,肥西,南,5.0,3室2厅1卫,经纪人,600,春景花园,何雅娴,整租·春景花园 3室2厅 南,肥西
105.00㎡,肥西,东,4.8,2室1厅1卫,高级经纪人,700,华地翡翠公园,李媛媛,整租·华地翡翠公园 2室1厅 东,肥西
78.00㎡,肥东,南,5.0,2室2厅1卫,经纪人,800,思辰家园,王胜,整租·思辰家园 2室2厅 南,肥东
224.25㎡,包河,南,4.9,4室2厅4卫,高级经纪人,4000,绿色港湾塞维利亚,陶琳,整租·绿色港湾塞维利亚 4室2厅 南,淝河镇
50.16㎡,蜀山,南,4.7,2室2厅1卫,经纪人,2200,松芝万象城,曾迪,整租·松芝万象城 2室2厅 南,五里墩
,政务,24.00㎡,,南,,1080,融科九重锦,,合租·融科九重锦 5居室 南卧,笔架山
,蜀山,30.00㎡,,北,,1050,翠宁雅苑,,合租·翠宁雅苑 4居室 北卧,南七
76.00㎡,空港经济示范区,南,5.0,2室1厅1卫,经纪人,600,红卫北苑,程剑飞,整租·红卫北苑 2室1厅 南,长宁
85.70㎡,肥西,西南,5.0,2室2厅1卫,经纪人,1000,凉亭小区,何雅娴,整租·凉亭小区 2室2厅 西南,肥西
214.00㎡,肥西,南,4.8,4室2厅2卫,高级经纪人,1500,翡翠正荣府,颜杰,整租·翡翠正荣府 4室2厅 南,肥西
105.00㎡,肥西,南 北,4.9,3室2厅1卫,高级经纪人,900,北张家园,吴清习,整租·北张家园 3室2厅 南/北,肥西
83.00㎡,巢湖市,南,4.1,3室1厅1卫,经纪人,1200,康乐新村,程正宁,整租·康乐新村 3室1厅 南,巢湖
92.00㎡,肥东,南,5.0,3室2厅1卫,经纪人,1100,御景花园北区,叶川霞,整租·御景花园北区 3室2厅 南,肥东
78.57㎡,长丰,南,5.0,2室1厅1卫,经纪人,600,和悦庐鸣,王芳,整租·和悦庐鸣 2室1厅 南,北城
12.00㎡,肥西,南,5.0,4室0厅0卫,高级经纪人,850,滨河家园,张涛,合租·滨河家园 4居室 南卧,新港
68.00㎡,瑶海,南,,2室2厅1卫,,1700,襄河家园东区,,整租·襄河家园东区 2室2厅 南,龙岗
82.00㎡,长丰,南,,2室1厅1卫,,1000,中南宸悦,,整租·中南宸悦 2室1厅 南,北城
,高新,23.00㎡,,南,,900,蜀湖湾小区,,合租·蜀湖湾小区 5居室 南卧,天乐
,蜀山,15.00㎡,,南,,890,梅山路21号,,合租·梅山路21号 4居室 南卧,三里庵
55.00㎡,长丰,南,4.7,2室1厅1卫,经纪人,1500,科创北城,刘银利,整租·科创北城 2室1厅 南,北城
,蜀山,14.00㎡,,南,,800,琥珀南村,,合租·琥珀南村 4居室 南卧,琥珀
60.00㎡,新站,南,5.0,2室2厅1卫,助理经纪人,2300,七里塘花园,杜冰冰,整租·七里塘花园 2室2厅 南,七里塘
110.00㎡,肥西,南,,3室2厅1卫,,600,李湾安置小区,,整租·李湾安置小区 3室2厅 南,肥西
93.00㎡,肥东,南,5.0,3室2厅1卫,经纪人,1800,力高君逸府,王胜,整租·力高君逸府 3室2厅 南,肥东
103.00㎡,肥西,南,4.8,3室1厅1卫,经纪人,1300,高速时代御府（妙园）,周德兰,整租·高速时代御府（妙园） 3室1厅 南,肥西
106.00㎡,长丰,南 北,5.0,3室2厅2卫,经纪人,1200,庆徽苑,李彩云,整租·庆徽苑 3室2厅 南/北,北城
88.68㎡,肥东,南,,3室2厅1卫,,1500,长安东郡,,整租·长安东郡 3室2厅 南,龙岗
248.00㎡,肥东,南 北,,4室2厅2卫,,1600,荣盛书香府邸西区·公园里,,整租·荣盛书香府邸西区·公园里 4室2厅 复式 南/北,大兴镇
38.00㎡,,1间在租,,1室1厅1卫,,1700,,,独栋·履思公寓 恒大中央广场店 明光路 恒大中央广场 精装一室 1室1厅,
89.51㎡,蜀山,南,5.0,3室1厅1卫,经纪人,2300,奥林花园,张瑞,整租·奥林花园 3室1厅 复式 南,琥珀
131.84㎡,瑶海,南,,5室2厅1卫,,2200,古井丰水源,,整租·古井丰水源 5室2厅 南,胜利路
110.00㎡,瑶海,南,4.8,3室1厅1卫,经纪人,2500,襄河家园东区,陈雅,整租·襄河家园东区 3室1厅 南,龙岗
156.00㎡,瑶海,南,4.6,4室2厅1卫,经纪人,2500,嘉华中心,王敏,整租·嘉华中心 4室2厅 南,胜利路
90.55㎡,瑶海,南,4.5,3室2厅1卫,经纪人,1400,百大东兴家园,李书芳,整租·百大东兴家园 3室2厅 南,大兴镇
23.00㎡,蜀山,南,,4室1厅1卫,,855,中国铁建青秀城,,合租·中国铁建青秀城 4居室 南卧,五里墩
106.00㎡,肥西,南,,3室2厅1卫,,1400,灯塔家园二期C区,,整租·灯塔家园二期C区 3室2厅 南,肥西
87.99㎡,长丰,南,,3室2厅1卫,,1200,万科中央公园岚庭,,整租·万科中央公园岚庭 3室2厅 南,北城
19.00㎡,蜀山,北,,5室0厅1卫,,713,华地公馆西区,,合租·华地公馆西区 5居室 北卧,南七
92.00㎡,肥西,东南,5.0,3室2厅1卫,高级经纪人,1500,联发君悦风华,解修敏,整租·联发君悦风华 3室2厅 东南,肥西
122.00㎡,长丰,南 北,,3室2厅2卫,,1500,恒大帝景,,整租·恒大帝景 3室2厅 南/北,北城
20.00㎡,蜀山,北,,5室1厅2卫,,618,博微家园,,合租·博微家园 5居室 北卧,五里墩
15.00㎡,高新,北,,4室1厅1卫,,720,新华城,,合租·新华城 4居室 北卧,蜀麓
95.00㎡,肥东,东南 南 西南,5.0,3室2厅1卫,高级经纪人,1200,远洋星悦,杨学峰,整租·远洋星悦 3室2厅 东南/南/西南,肥东
85.00㎡,经开,南,5.0,3室2厅1卫,经纪人,3400,铜冠花园,陈文兵,整租·铜冠花园 3室2厅 南,莲花
20.00㎡,蜀山,南,,5室1厅1卫,,740,幸福金色湖畔,,合租·幸福金色湖畔 5居室 南卧,井岗镇
40.00㎡,包河,南,,1室1厅1卫,,1600,城市华庭,,整租·城市华庭 1室1厅 南,芜湖路
25.00㎡,蜀山,北,,5室1厅2卫,,590,香樟雅苑,,合租·香樟雅苑 5居室 北卧,南七
133.68㎡,肥西,南,,4室2厅2卫,,1050,祥源花世界丹桂湾,,整租·祥源花世界丹桂湾 4室2厅 南,肥西
26.13㎡,庐阳,南,,5室1厅1卫,,800,祥源翡丽城,,合租·祥源翡丽城 5居室 南卧,亳州
80.00㎡,肥东,南,,2室1厅1卫,,1400,东方明珠嘉苑,,整租·东方明珠嘉苑 2室1厅 南,肥东
25.00㎡,蜀山,西,,4室1厅1卫,,760,栗树家苑,,合租·栗树家苑 4居室 西卧,南七
106.67㎡,肥东,东南 南,5.0,4室2厅1卫,经纪人,1200,琥珀名郡香榭里,王胜,整租·琥珀名郡香榭里 4室2厅 东南/南,肥东
72.00㎡,肥东,南,5.0,2室1厅1卫,高级经纪人,650,岱河花园A区,杨学峰,整租·岱河花园A区 2室1厅 南,肥东
12.00㎡,包河,南,,4室1厅1卫,,780,包河花园A区,,合租·包河花园A区 4居室 南卧,骆岗
103.00㎡,肥东,南,5.0,3室2厅1卫,经纪人,1500,和睦广场帝景湾,王胜,整租·和睦广场帝景湾 3室2厅 南,肥东
100.00㎡,肥东,南,,3室2厅1卫,,1200,尚泽琪瑞沁园,,整租·尚泽琪瑞沁园 3室2厅 南,肥东
32.00㎡,包河,南,,4室1厅1卫,,790,景治园,,合租·景治园 4居室 南卧,包公
12.00㎡,包河,北,,3室1厅1卫,,520,美湖小区,,合租·美湖小区 3居室 北卧,包公
25.00㎡,包河,南,,4室1厅1卫,,600,美邻馨园,,合租·美邻馨园 4居室 南卧,常青
70.00㎡,庐阳,南,,3室1厅1卫,,1500,北苑小区,,整租·北苑小区 3室1厅 南,亳州
98.00㎡,肥东,南,5.0,3室1厅1卫,高级经纪人,1200,桥枫苑,李海燕,整租·桥枫苑 3室1厅 南,肥东
10.00㎡,包河,西,,4室1厅1卫,,620,义城劳服公司小区,,合租·义城劳服公司小区 4居室 西卧,望湖
115.00㎡,高新,南,,3室2厅1卫,,3200,蓝鼎海棠湾,,整租·蓝鼎海棠湾 3室2厅 南,天乐
25.00㎡,蜀山,南,,4室1厅1卫,,790,奥林花园,,合租·奥林花园 4居室 南卧,琥珀
10.00㎡,包河,南,,4室1厅1卫,,750,宝利丰广场,,合租·宝利丰广场 4居室 南卧,包公
37.30㎡,肥东,北,,2室1厅1卫,,900,名门金隅,,整租·名门金隅 2室1厅 北,肥东
89.44㎡,庐阳,南,,2室2厅1卫,,2300,瑞地祥和府,,整租·瑞地祥和府 2室2厅 南,海棠
30.00㎡,蜀山,北,,3室1厅1卫,,640,沈小郢小区,,合租·沈小郢小区 3居室 北卧,三里庵
112.05㎡,高新,南 西北,4.8,3室2厅1卫,高级经纪人,3000,安徽省煤田地质局宿舍,龚家一,整租·安徽省煤田地质局宿舍 3室2厅 南/西北,兴园
102.00㎡,肥西,南,,2室2厅1卫,,1500,高速时代御府（妙园）,,整租·高速时代御府（妙园） 2室2厅 南,肥西
25.00㎡,蜀山,南,,5室2厅3卫,,790,广利花园北区,,合租·广利花园北区 5居室 南卧,西园
15.16㎡,蜀山,南,,5室2厅3卫,,650,广利花园北区,,合租·广利花园北区 5居室 南卧,西园
